{"stats":{"minecraft:killed_by":{"spore:leaper":1},"minecraft:crafted":{"biomesoplenty:fir_planks":44,"minecraft:wooden_sword":1,"minecraft:wooden_hoe":1,"minecraft:crafting_table":3,"minecraft:stick":16,"minecraft:wooden_pickaxe":1,"minecraft:stone_pickaxe":1,"minecraft:wooden_axe":1,"minecraft:torch":8},"minecraft:mined":{"biomesoplenty:toadstool":6,"minecraft:torch":1,"minecraft:dandelion":1,"minecraft:blue_stained_glass":2,"minecraft:crafting_table":1,"biomesoplenty:fir_log":11,"minecraft:granite":3,"k_turrets:titanium_ore":3,"minecraft:grass":4,"minecraft:coal_ore":4,"minecraft:bookshelf":8,"minecraft:grass_block":4,"biomesoplenty:fir_planks":1,"biomesoplenty:fir_leaves":9,"minecraft:chest":1,"minecraft:gravel":2,"minecraft:cobweb":5,"minecraft:copper_ore":14,"minecraft:stone":33,"minecraft:fern":7,"minecraft:redstone_lamp":1},"minecraft:dropped":{"minecraft:stick":5},"minecraft:picked_up":{"minecraft:book":21,"biomesoplenty:toadstool":6,"minecraft:crafting_table":1,"minecraft:cooked_porkchop":1,"minecraft:torch":1,"minecraft:dandelion":1,"biomesoplenty:fir_log":11,"biomesoplenty:fir_sapling":1,"minecraft:cornflower":1,"minecraft:string":5,"minecraft:dirt":4,"minecraft:raw_copper":57,"minecraft:cooked_mutton":2,"minecraft:light_gray_bed":1,"minecraft:wheat_seeds":1,"k_turrets:raw_titanium":3,"minecraft:granite":2,"minecraft:chest":1,"minecraft:coal":4,"minecraft:cobblestone":25},"minecraft:used":{"minecraft:cooked_mutton":1,"minecraft:wooden_axe":19,"minecraft:wooden_hoe":2,"minecraft:stone_pickaxe":30,"minecraft:wooden_pickaxe":29,"biomesoplenty:fir_planks":8,"minecraft:torch":3,"minecraft:wooden_sword":6,"minecraft:cobblestone":5,"minecraft:crafting_table":4,"minecraft:cooked_porkchop":1,"alexsmobs:animal_dictionary":2,"minecraft:dandelion":1,"minecraft:light_gray_bed":1},"minecraft:custom":{"minecraft:time_since_rest":22482,"minecraft:interact_with_furnace":6,"minecraft:sprint_one_cm":125499,"minecraft:damage_taken":500,"minecraft:walk_one_cm":126596,"minecraft:interact_with_anvil":1,"minecraft:drop":5,"minecraft:damage_dealt":23,"minecraft:swim_one_cm":2299,"minecraft:interact_with_crafting_table":6,"minecraft:fly_one_cm":66550,"minecraft:open_chest":6,"minecraft:crouch_one_cm":4826,"minecraft:play_time":49696,"minecraft:deaths":1,"minecraft:sneak_time":1663,"minecraft:walk_under_water_one_cm":2102,"minecraft:jump":591,"minecraft:walk_on_water_one_cm":6680,"minecraft:time_since_death":36738,"minecraft:sleep_in_bed":5,"minecraft:climb_one_cm":20386,"minecraft:total_world_time":49696,"minecraft:fall_one_cm":14166}},"DataVersion":3120}