{"stats":{"minecraft:killed_by":{"spore:leaper":1},"minecraft:crafted":{"biomesoplenty:fir_planks":44,"minecraft:wooden_sword":1,"minecraft:wooden_hoe":1,"minecraft:crafting_table":2,"minecraft:stick":12,"minecraft:wooden_pickaxe":1,"minecraft:wooden_axe":1},"minecraft:mined":{"biomesoplenty:toadstool":6,"minecraft:dandelion":1,"minecraft:blue_stained_glass":2,"minecraft:crafting_table":1,"biomesoplenty:fir_log":11,"minecraft:grass":4,"minecraft:bookshelf":8,"minecraft:grass_block":4,"biomesoplenty:fir_planks":1,"biomesoplenty:fir_leaves":9,"minecraft:gravel":2,"minecraft:cobweb":5,"minecraft:stone":27,"minecraft:fern":7,"minecraft:redstone_lamp":1},"minecraft:dropped":{"minecraft:stick":5},"minecraft:picked_up":{"minecraft:book":21,"biomesoplenty:toadstool":6,"minecraft:crafting_table":1,"minecraft:cooked_porkchop":1,"minecraft:dandelion":1,"biomesoplenty:fir_log":11,"biomesoplenty:fir_sapling":1,"minecraft:cornflower":1,"minecraft:string":5,"minecraft:dirt":4,"minecraft:cooked_mutton":2,"minecraft:light_gray_bed":1,"minecraft:wheat_seeds":1,"minecraft:cobblestone":20},"minecraft:used":{"minecraft:cooked_mutton":1,"minecraft:wooden_axe":18,"minecraft:wooden_hoe":2,"minecraft:wooden_pickaxe":29,"biomesoplenty:fir_planks":8,"minecraft:wooden_sword":5,"minecraft:cobblestone":5,"minecraft:crafting_table":3,"minecraft:cooked_porkchop":1,"alexsmobs:animal_dictionary":1,"minecraft:dandelion":1,"minecraft:light_gray_bed":1},"minecraft:custom":{"minecraft:time_since_rest":10482,"minecraft:interact_with_furnace":3,"minecraft:sprint_one_cm":90605,"minecraft:damage_taken":500,"minecraft:walk_one_cm":95808,"minecraft:interact_with_anvil":1,"minecraft:drop":5,"minecraft:damage_dealt":23,"minecraft:swim_one_cm":2299,"minecraft:interact_with_crafting_table":5,"minecraft:fly_one_cm":59124,"minecraft:open_chest":4,"minecraft:crouch_one_cm":2466,"minecraft:play_time":37696,"minecraft:deaths":1,"minecraft:sneak_time":920,"minecraft:walk_under_water_one_cm":2102,"minecraft:jump":429,"minecraft:walk_on_water_one_cm":6247,"minecraft:time_since_death":24738,"minecraft:sleep_in_bed":5,"minecraft:climb_one_cm":13644,"minecraft:total_world_time":37696,"minecraft:fall_one_cm":13059}},"DataVersion":3120}