{"stats":{"minecraft:killed_by":{"spore:leaper":1},"minecraft:crafted":{"biomesoplenty:fir_planks":12,"minecraft:wooden_hoe":1,"minecraft:crafting_table":1,"minecraft:stick":4,"minecraft:wooden_axe":1},"minecraft:mined":{"biomesoplenty:toadstool":6,"minecraft:dandelion":1,"minecraft:blue_stained_glass":2,"biomesoplenty:fir_log":11,"minecraft:grass":4,"minecraft:bookshelf":4,"minecraft:grass_block":4,"biomesoplenty:fir_leaves":9,"minecraft:fern":7,"minecraft:redstone_lamp":1},"minecraft:picked_up":{"minecraft:book":12,"biomesoplenty:toadstool":6,"minecraft:cooked_porkchop":1,"minecraft:dandelion":1,"biomesoplenty:fir_log":11,"biomesoplenty:fir_sapling":1,"minecraft:cornflower":1,"minecraft:dirt":4,"minecraft:light_gray_bed":1,"minecraft:wheat_seeds":1},"minecraft:used":{"minecraft:wooden_axe":12,"minecraft:wooden_hoe":2,"minecraft:crafting_table":1,"minecraft:cooked_porkchop":1,"alexsmobs:animal_dictionary":1,"minecraft:dandelion":1,"minecraft:light_gray_bed":1},"minecraft:custom":{"minecraft:time_since_rest":1121,"minecraft:interact_with_furnace":2,"minecraft:sprint_one_cm":61177,"minecraft:damage_taken":500,"minecraft:walk_one_cm":63849,"minecraft:damage_dealt":23,"minecraft:swim_one_cm":2299,"minecraft:interact_with_crafting_table":2,"minecraft:fly_one_cm":55491,"minecraft:open_chest":4,"minecraft:crouch_one_cm":1679,"minecraft:play_time":25696,"minecraft:deaths":1,"minecraft:sneak_time":485,"minecraft:walk_under_water_one_cm":2102,"minecraft:jump":350,"minecraft:walk_on_water_one_cm":6247,"minecraft:time_since_death":12738,"minecraft:sleep_in_bed":4,"minecraft:climb_one_cm":8691,"minecraft:total_world_time":25696,"minecraft:fall_one_cm":13059}},"DataVersion":3120}