{"stats":{"minecraft:killed_by":{"spore:leaper":1},"minecraft:crafted":{"minecraft:wooden_sword":1,"minecraft:crafting_table":3,"minecraft:wooden_pickaxe":1,"biomesoplenty:fir_planks":44,"minecraft:wooden_hoe":1,"minecraft:stick":28,"minecraft:stone_pickaxe":1,"minecraft:wooden_axe":1,"minecraft:torch":40},"minecraft:mined":{"create:zinc_ore":21,"minecraft:deepslate_redstone_ore":5,"create:deepslate_zinc_ore":30,"minecraft:tuff":5,"minecraft:deepslate_diamond_ore":1,"minecraft:blue_stained_glass":2,"minecraft:dandelion":1,"minecraft:glow_lichen":1,"minecraft:crafting_table":1,"minecraft:torch":1,"minecraft:granite":3,"minecraft:grass_block":4,"biomesoplenty:fir_planks":1,"minecraft:chest":1,"minecraft:copper_ore":18,"minecraft:cobblestone":1,"minecraft:lapis_ore":6,"minecraft:deepslate_gold_ore":17,"minecraft:wall_torch":2,"minecraft:redstone_ore":2,"biomesoplenty:toadstool":6,"minecraft:deepslate_lapis_ore":5,"biomesoplenty:fir_log":11,"k_turrets:titanium_ore":3,"minecraft:grass":4,"minecraft:bookshelf":8,"minecraft:coal_ore":25,"minecraft:deepslate_iron_ore":15,"biomesoplenty:fir_leaves":9,"minecraft:gravel":4,"minecraft:cobweb":5,"minecraft:stone":48,"minecraft:gold_ore":1,"minecraft:fern":7,"minecraft:deepslate":29,"minecraft:redstone_lamp":1},"minecraft:dropped":{"minecraft:stick":9},"minecraft:picked_up":{"minecraft:crafting_table":1,"biomesoplenty:fir_sapling":1,"biomesoplenty:fir_log":11,"minecraft:tuff":5,"create:raw_zinc":51,"minecraft:cornflower":1,"minecraft:lapis_lazuli":77,"minecraft:string":5,"minecraft:dirt":4,"minecraft:raw_copper":71,"minecraft:cooked_mutton":2,"minecraft:wheat_seeds":1,"minecraft:cobbled_deepslate":13,"minecraft:raw_gold":18,"minecraft:iron_pickaxe":1,"minecraft:chest":1,"minecraft:book":21,"biomesoplenty:toadstool":6,"minecraft:raw_iron":15,"minecraft:cooked_porkchop":3,"minecraft:torch":2,"minecraft:dandelion":1,"minecraft:gravel":2,"minecraft:redstone":32,"minecraft:light_gray_bed":1,"minecraft:diamond":1,"k_turrets:raw_titanium":3,"minecraft:granite":2,"minecraft:coal":25,"minecraft:cobblestone":40},"minecraft:used":{"minecraft:cooked_mutton":2,"minecraft:stone_pickaxe":32,"minecraft:wooden_pickaxe":34,"biomesoplenty:fir_planks":8,"minecraft:torch":13,"minecraft:crafting_table":4,"minecraft:tuff":5,"minecraft:wooden_axe":19,"minecraft:wooden_hoe":2,"minecraft:iron_pickaxe":177,"minecraft:wooden_sword":13,"minecraft:cobblestone":37,"minecraft:cooked_porkchop":2,"alexsmobs:animal_dictionary":2,"minecraft:cobbled_deepslate":9,"minecraft:dandelion":1,"minecraft:light_gray_bed":1},"minecraft:custom":{"minecraft:interact_with_furnace":6,"minecraft:interact_with_anvil":1,"minecraft:interact_with_crafting_table":6,"minecraft:leave_game":1,"minecraft:time_since_death":60562,"minecraft:sleep_in_bed":5,"minecraft:climb_one_cm":20438,"minecraft:time_since_rest":46306,"minecraft:sprint_one_cm":150274,"minecraft:damage_taken":540,"minecraft:walk_one_cm":177885,"minecraft:drop":6,"minecraft:damage_dealt":140,"minecraft:swim_one_cm":2673,"minecraft:fly_one_cm":73718,"minecraft:open_chest":6,"minecraft:crouch_one_cm":17494,"minecraft:play_time":73520,"minecraft:deaths":1,"minecraft:sneak_time":6334,"minecraft:walk_under_water_one_cm":5602,"minecraft:jump":827,"minecraft:walk_on_water_one_cm":7014,"minecraft:total_world_time":73520,"minecraft:fall_one_cm":18532}},"DataVersion":3120}