{"stats":{"minecraft:killed_by":{"spore:leaper":1},"minecraft:crafted":{"minecraft:wooden_sword":1,"minecraft:crafting_table":3,"minecraft:wooden_pickaxe":1,"biomesoplenty:fir_planks":44,"minecraft:wooden_hoe":1,"minecraft:stick":20,"minecraft:stone_pickaxe":1,"minecraft:wooden_axe":1,"minecraft:torch":8},"minecraft:mined":{"create:zinc_ore":7,"minecraft:deepslate_redstone_ore":1,"minecraft:tuff":3,"minecraft:blue_stained_glass":2,"minecraft:dandelion":1,"minecraft:crafting_table":1,"minecraft:torch":1,"minecraft:granite":3,"minecraft:grass_block":4,"biomesoplenty:fir_planks":1,"minecraft:chest":1,"minecraft:copper_ore":14,"minecraft:deepslate_gold_ore":3,"minecraft:lapis_ore":6,"minecraft:wall_torch":1,"minecraft:redstone_ore":1,"biomesoplenty:toadstool":6,"biomesoplenty:fir_log":11,"minecraft:grass":4,"k_turrets:titanium_ore":3,"minecraft:bookshelf":8,"minecraft:coal_ore":25,"biomesoplenty:fir_leaves":9,"minecraft:gravel":4,"minecraft:cobweb":5,"minecraft:stone":43,"minecraft:deepslate":7,"minecraft:redstone_lamp":1,"minecraft:fern":7},"minecraft:dropped":{"minecraft:stick":9},"minecraft:picked_up":{"minecraft:crafting_table":1,"biomesoplenty:fir_sapling":1,"biomesoplenty:fir_log":11,"minecraft:tuff":3,"create:raw_zinc":7,"minecraft:cornflower":1,"minecraft:lapis_lazuli":44,"minecraft:dirt":4,"minecraft:string":5,"minecraft:raw_copper":57,"minecraft:cooked_mutton":2,"minecraft:wheat_seeds":1,"minecraft:cobbled_deepslate":7,"minecraft:raw_gold":3,"minecraft:iron_pickaxe":1,"minecraft:chest":1,"minecraft:book":21,"biomesoplenty:toadstool":6,"minecraft:cooked_porkchop":3,"minecraft:torch":2,"minecraft:dandelion":1,"minecraft:gravel":2,"minecraft:redstone":10,"minecraft:light_gray_bed":1,"k_turrets:raw_titanium":3,"minecraft:granite":2,"minecraft:coal":25,"minecraft:cobblestone":34},"minecraft:used":{"minecraft:cooked_mutton":2,"minecraft:stone_pickaxe":32,"minecraft:wooden_pickaxe":34,"biomesoplenty:fir_planks":8,"minecraft:torch":7,"minecraft:crafting_table":4,"minecraft:wooden_axe":19,"minecraft:wooden_hoe":2,"minecraft:iron_pickaxe":53,"minecraft:wooden_sword":7,"minecraft:cobblestone":31,"minecraft:cooked_porkchop":2,"alexsmobs:animal_dictionary":2,"minecraft:cobbled_deepslate":7,"minecraft:dandelion":1,"minecraft:light_gray_bed":1},"minecraft:custom":{"minecraft:interact_with_furnace":6,"minecraft:interact_with_anvil":1,"minecraft:interact_with_crafting_table":6,"minecraft:time_since_death":48738,"minecraft:sleep_in_bed":5,"minecraft:climb_one_cm":20438,"minecraft:time_since_rest":34482,"minecraft:sprint_one_cm":138189,"minecraft:damage_taken":530,"minecraft:walk_one_cm":148912,"minecraft:drop":6,"minecraft:damage_dealt":23,"minecraft:swim_one_cm":2299,"minecraft:fly_one_cm":70326,"minecraft:open_chest":6,"minecraft:crouch_one_cm":12410,"minecraft:play_time":61696,"minecraft:deaths":1,"minecraft:sneak_time":4243,"minecraft:walk_under_water_one_cm":2102,"minecraft:jump":661,"minecraft:walk_on_water_one_cm":6776,"minecraft:total_world_time":61696,"minecraft:fall_one_cm":16078}},"DataVersion":3120}