{"stats":{"minecraft:killed_by":{"minecraft:zombie":1,"spore:leaper":1},"minecraft:crafted":{"minecraft:wooden_sword":1,"minecraft:crafting_table":3,"minecraft:wooden_pickaxe":1,"minecraft:furnace":1,"biomesoplenty:fir_planks":44,"minecraft:wooden_hoe":1,"minecraft:stick":28,"minecraft:stone_pickaxe":1,"minecraft:wooden_axe":1,"minecraft:torch":40},"minecraft:mined":{"create:zinc_ore":21,"minecraft:deepslate_redstone_ore":5,"create:deepslate_zinc_ore":35,"minecraft:tuff":5,"minecraft:deepslate_diamond_ore":1,"minecraft:blue_stained_glass":2,"minecraft:dandelion":1,"minecraft:glow_lichen":1,"minecraft:crafting_table":1,"minecraft:torch":1,"minecraft:light_gray_terracotta":2,"minecraft:granite":3,"minecraft:grass_block":4,"biomesoplenty:fir_planks":1,"minecraft:chest":1,"minecraft:copper_ore":18,"minecraft:cobblestone":1,"minecraft:lapis_ore":6,"minecraft:deepslate_gold_ore":23,"minecraft:wall_torch":4,"minecraft:redstone_ore":2,"minecraft:furnace":5,"biomesoplenty:toadstool":6,"minecraft:cobbled_deepslate":1,"minecraft:anvil":1,"minecraft:deepslate_lapis_ore":5,"biomesoplenty:fir_log":11,"k_turrets:titanium_ore":3,"minecraft:grass":4,"minecraft:bookshelf":8,"minecraft:coal_ore":25,"minecraft:deepslate_iron_ore":15,"biomesoplenty:fir_leaves":9,"minecraft:gravel":4,"minecraft:cobweb":5,"minecraft:stone":66,"minecraft:gold_ore":1,"minecraft:fern":7,"minecraft:deepslate":33,"minecraft:redstone_lamp":1},"minecraft:dropped":{"minecraft:cobblestone":6,"minecraft:stick":9},"minecraft:picked_up":{"minecraft:crafting_table":1,"minecraft:anvil":1,"biomesoplenty:fir_sapling":1,"biomesoplenty:fir_log":11,"minecraft:tuff":5,"create:raw_zinc":56,"minecraft:cornflower":1,"minecraft:lapis_lazuli":77,"minecraft:string":5,"minecraft:dirt":4,"minecraft:raw_copper":71,"minecraft:cooked_mutton":2,"minecraft:wheat_seeds":1,"minecraft:cobbled_deepslate":19,"minecraft:raw_gold":24,"minecraft:iron_pickaxe":1,"minecraft:chest":1,"minecraft:furnace":4,"minecraft:book":21,"biomesoplenty:toadstool":6,"minecraft:raw_iron":15,"minecraft:cooked_porkchop":3,"minecraft:torch":4,"minecraft:dandelion":1,"minecraft:gravel":2,"minecraft:redstone":32,"minecraft:light_gray_terracotta":24,"minecraft:light_gray_bed":1,"minecraft:diamond":1,"k_turrets:raw_titanium":3,"minecraft:granite":2,"minecraft:coal":25,"minecraft:cobblestone":58},"minecraft:used":{"minecraft:cooked_mutton":2,"minecraft:stone_pickaxe":32,"minecraft:wooden_pickaxe":34,"biomesoplenty:fir_planks":8,"minecraft:torch":18,"minecraft:dirt":4,"minecraft:crafting_table":4,"minecraft:light_gray_terracotta":18,"minecraft:tuff":5,"minecraft:granite":2,"minecraft:wooden_axe":19,"minecraft:wooden_hoe":2,"minecraft:iron_pickaxe":219,"minecraft:wooden_sword":21,"minecraft:cobblestone":40,"minecraft:furnace":5,"minecraft:cooked_porkchop":2,"alexsmobs:animal_dictionary":2,"minecraft:cobbled_deepslate":19,"minecraft:dandelion":1,"minecraft:light_gray_bed":1},"minecraft:custom":{"minecraft:interact_with_furnace":12,"minecraft:interact_with_anvil":1,"minecraft:interact_with_crafting_table":8,"minecraft:leave_game":1,"minecraft:time_since_death":8363,"minecraft:sleep_in_bed":6,"minecraft:climb_one_cm":26386,"minecraft:time_since_rest":5818,"minecraft:sprint_one_cm":184759,"minecraft:damage_taken":810,"minecraft:walk_one_cm":219914,"minecraft:drop":12,"minecraft:damage_dealt":186,"minecraft:swim_one_cm":2673,"minecraft:fly_one_cm":84737,"minecraft:open_chest":9,"minecraft:crouch_one_cm":20215,"minecraft:play_time":85520,"minecraft:deaths":2,"minecraft:sneak_time":7257,"minecraft:walk_under_water_one_cm":5602,"minecraft:jump":906,"minecraft:walk_on_water_one_cm":7014,"minecraft:total_world_time":85520,"minecraft:fall_one_cm":18950}},"DataVersion":3120}