{"stats":{"minecraft:killed_by":{"spore:leaper":1},"minecraft:mined":{"minecraft:fern":1,"minecraft:redstone_lamp":1},"minecraft:used":{"alexsmobs:animal_dictionary":1},"minecraft:custom":{"minecraft:jump":122,"minecraft:open_chest":1,"minecraft:time_since_rest":766,"minecraft:deaths":1,"minecraft:damage_dealt":23,"minecraft:crouch_one_cm":35,"minecraft:damage_taken":390,"minecraft:sprint_one_cm":13137,"minecraft:play_time":13696,"minecraft:walk_on_water_one_cm":5870,"minecraft:time_since_death":738,"minecraft:walk_one_cm":24824,"minecraft:sneak_time":57,"minecraft:climb_one_cm":4281,"minecraft:total_world_time":13696,"minecraft:walk_under_water_one_cm":1145,"minecraft:swim_one_cm":1724,"minecraft:fall_one_cm":5831,"minecraft:fly_one_cm":24767}},"DataVersion":3120}