{"stats":{"minecraft:mined":{"minecraft:cobblestone":2},"minecraft:custom":{"minecraft:jump":1,"minecraft:open_chest":1,"minecraft:time_since_rest":2899,"minecraft:play_time":2899,"minecraft:walk_on_water_one_cm":1003,"minecraft:time_since_death":2899,"minecraft:walk_one_cm":1835,"minecraft:sneak_time":182,"minecraft:climb_one_cm":595,"minecraft:total_world_time":2899,"minecraft:walk_under_water_one_cm":723,"minecraft:fly_one_cm":139438},"minecraft:used":{"bunker_down:brittle_pickaxe":2},"minecraft:picked_up":{"minecraft:cobblestone":2}},"DataVersion":3120}