{"stats":{"minecraft:killed_by":{"arphex:centipede_evictor_larvae":1},"minecraft:mined":{"biomesoplenty:bramble":1,"minecraft:cobblestone":2},"minecraft:custom":{"minecraft:time_since_rest":1558,"minecraft:open_chest":3,"minecraft:play_time":7494,"minecraft:sprint_one_cm":7200,"minecraft:walk_one_cm":9624,"minecraft:damage_taken":490,"minecraft:deaths":1,"minecraft:sneak_time":469,"minecraft:walk_under_water_one_cm":3395,"minecraft:drop":1,"minecraft:jump":80,"minecraft:damage_dealt":34,"minecraft:leave_game":1,"minecraft:time_since_death":1526,"minecraft:walk_on_water_one_cm":1926,"minecraft:total_world_time":7494,"minecraft:climb_one_cm":2521,"minecraft:fall_one_cm":4763,"minecraft:fly_one_cm":296032},"minecraft:used":{"bunker_down:brittle_pickaxe":2},"minecraft:dropped":{"biomesoplenty:bramble":1},"minecraft:picked_up":{"biomesoplenty:bramble":1,"minecraft:cobblestone":2}},"DataVersion":3120}