{"stats":{"minecraft:killed_by":{"minecraft:player":2,"spore:busser":5,"spore:thorn":1,"spore:inf_player":3,"minecraft:zombie":1,"spore:leaper":1},"minecraft:crafted":{"minecraft:smooth_stone":3,"ad_astra:steel_ingot":8,"minecraft:iron_nugget":9,"minecraft:furnace":1,"minecraft:blast_furnace":1,"minecraft:stone":3,"minecraft:cooked_mutton":20,"marbledsarsenal:fire_axe":1,"minecraft:stone_pickaxe":2,"minecraft:chest":3,"marbledsapi:steel_ingot":2,"minecraft:dark_oak_planks":4,"marbledsapi:steel_sheet":4,"minecraft:cooked_porkchop":10,"butchersdelight:hook":1,"minecraft:crafting_table":3,"minecraft:wooden_pickaxe":2,"minecraft:baked_potato":1,"butchersdelight:cleaver":1,"minecraft:stone_axe":1,"minecraft:bread":4,"minecraft:air":0,"biomesoplenty:fir_planks":56,"marbledsapi:raw_steel":2,"minecraft:iron_ingot":19,"minecraft:stick":16,"minecraft:iron_pickaxe":1,"minecraft:wooden_axe":1,"minecraft:torch":20},"minecraft:mined":{"minecraft:light_blue_stained_glass_pane":6,"spore:fungal_roots":5,"minecraft:spruce_planks":1,"spore:wall_growths_big":28,"minecraft:farmland":10,"spore:wall_growths":6,"minecraft:blue_stained_glass_pane":10,"minecraft:dark_oak_log":1,"minecraft:jungle_leaves":1,"minecraft:potted_cactus":1,"minecraft:gray_stained_glass_pane":3,"minecraft:ladder":7,"spore:fungal_stem":2,"minecraft:white_stained_glass":4,"minecraft:light_gray_bed":22,"minecraft:redstone_wire":11,"spore:growths_small":4,"minecraft:light_blue_stained_glass":10,"minecraft:furnace":2,"minecraft:cobbled_deepslate":3,"minecraft:iron_ore":15,"spore:blomfung":1,"minecraft:fire":2,"spore:growth_mycelium":1,"minecraft:azure_bluet":1,"minecraft:peony":1,"minecraft:potatoes":5,"minecraft:stone":74,"minecraft:glass_pane":4,"minecraft:blue_stained_glass":8,"spore:growths_big":6,"minecraft:crafting_table":1,"minecraft:torch":13,"minecraft:light_gray_terracotta":62,"biomesoplenty:fir_planks":4,"minecraft:gray_stained_glass":4,"minecraft:chest":2,"minecraft:rose_bush":2,"minecraft:glass":1,"minecraft:cobblestone":2,"minecraft:wall_torch":17,"minecraft:cobblestone_wall":1,"spore:bloomfung2":16,"minecraft:wheat":7,"biomesoplenty:fir_log":79,"spore:fungal_stem_top":1,"k_turrets:titanium_ore":1,"minecraft:grass":3,"minecraft:coal_ore":17,"biomesoplenty:fir_leaves":19,"minecraft:oak_leaves":5,"minecraft:redstone_lamp":7},"minecraft:broken":{"bunker_down:brittle_pickaxe":1,"minecraft:stone_pickaxe":1,"minecraft:wooden_axe":1},"minecraft:dropped":{"minecraft:bread":2,"minecraft:iron_sword":1,"minecraft:wheat_seeds":6,"minecraft:cooked_porkchop":4,"minecraft:cobblestone":10,"minecraft:leather_helmet":2,"minecraft:stick":6,"minecraft:cyan_terracotta":1,"minecraft:dirt":1,"arphex:venomous_appendage":1,"minecraft:iron_trapdoor":1,"minecraft:rose_bush":2,"minecraft:iron_pickaxe":1,"minecraft:cactus":2,"minecraft:string":1,"minecraft:fishing_rod":1,"minecraft:white_wool":4,"alexsmobs:animal_dictionary":1,"minecraft:cobblestone_wall":2,"minecraft:raw_copper":1,"minecraft:wheat":2,"minecraft:rotten_flesh":6,"minecraft:cooked_mutton":11,"minecraft:red_terracotta":3,"minecraft:carrot":10,"arphex:roach_nymph":1,"minecraft:peony":1,"minecraft:light_gray_bed":1,"minecraft:ladder":1,"k_turrets:raw_titanium":1,"bunker_down:steel_block":3,"minecraft:wooden_pickaxe":1,"arphex:fly_appendage":1},"minecraft:picked_up":{"minecraft:wooden_axe":1,"minecraft:crafting_table":3,"minecraft:wheat":4,"minecraft:flower_pot":1,"minecraft:ladder":8,"arphex:roach_nymph":1,"minecraft:iron_trapdoor":2,"minecraft:redstone_lamp":12,"minecraft:string":5,"minecraft:raw_copper":1,"minecraft:cobbled_deepslate":1,"biomesoplenty:fir_planks":5,"minecraft:spruce_planks":1,"minecraft:redstone_torch":1,"minecraft:rose_bush":2,"minecraft:chest":2,"minecraft:furnace":5,"minecraft:stick":12,"minecraft:raw_iron":15,"minecraft:torch":27,"minecraft:porkchop":12,"minecraft:redstone":21,"minecraft:arrow":4,"minecraft:light_gray_bed":24,"minecraft:cactus":2,"butchersdelight:deadsheep":5,"minecraft:rotten_flesh":7,"minecraft:peony":1,"k_turrets:raw_titanium":1,"minecraft:cyan_terracotta":1,"minecraft:gold_ingot":3,"firstaid:bandage":1,"minecraft:mutton":17,"minecraft:white_wool":4,"minecraft:cobblestone":95,"minecraft:potato":8,"biomesoplenty:fir_log":78,"butchersdelight:deadpig":3,"arphex:venomous_appendage":1,"minecraft:cobblestone_wall":2,"minecraft:dirt":12,"bunker_down:steel_block":6,"minecraft:bone":8,"minecraft:wheat_seeds":11,"arphex:burning_glands":12,"minecraft:gravel":6,"minecraft:dark_oak_log":1,"minecraft:red_terracotta":4,"minecraft:leather_helmet":1,"spore:claw_fragment":3,"minecraft:light_gray_terracotta":64,"butchersdelight:sheephide":3,"arphex:fly_appendage":1,"butchersdelight:hook":1,"minecraft:bricks":1,"minecraft:coal":31},"minecraft:used":{"minecraft:ladder":6,"minecraft:chest":5,"minecraft:spruce_planks":1,"minecraft:iron_sword":62,"butchersdelight:hook":2,"minecraft:rotten_flesh":1,"minecraft:iron_chestplate":1,"minecraft:torch":46,"minecraft:dirt":11,"bunker_down:brittle_pickaxe":16,"minecraft:carrot":4,"minecraft:wooden_axe":41,"butchersdelight:cleaver":13,"minecraft:bricks":1,"minecraft:iron_helmet":1,"minecraft:iron_boots":1,"minecraft:redstone_lamp":4,"minecraft:bow":27,"minecraft:furnace":4,"minecraft:potato":32,"minecraft:enchanted_golden_apple":1,"minecraft:light_gray_bed":23,"minecraft:cooked_mutton":9,"minecraft:stone_pickaxe":167,"minecraft:baked_potato":1,"minecraft:wooden_pickaxe":6,"biomesoplenty:fir_planks":4,"minecraft:crafting_table":5,"minecraft:blast_furnace":1,"minecraft:light_gray_terracotta":54,"bunker_down:steel_block":3,"minecraft:bread":6,"minecraft:red_terracotta":1,"minecraft:stone_axe":84,"minecraft:fishing_rod":10,"minecraft:cobblestone":63,"minecraft:cooked_porkchop":3,"minecraft:porkchop":2},"minecraft:killed":{"arphex:roach_riverspawn":1,"arphex:blood_worm":1,"arphex:scorpion_larvae":1,"arphex:ant_arsonist":4,"arphex:butterfly_bewitcher":1,"spore:inf_player":1,"minecraft:sheep":5,"spore:inf_human":1,"minecraft:zombie":5,"arphex:scorpion_striker":1,"arphex:spider_larvae":2},"minecraft:custom":{"minecraft:mob_kills":24,"minecraft:interact_with_crafting_table":19,"minecraft:damage_dealt_resisted":14,"minecraft:leave_game":4,"minecraft:time_since_death":37963,"minecraft:climb_one_cm":82786,"minecraft:damage_resisted":102,"minecraft:sprint_one_cm":323500,"minecraft:walk_one_cm":475078,"minecraft:drop":64,"minecraft:target_hit":3,"minecraft:play_time":223090,"minecraft:deaths":14,"minecraft:sneak_time":8251,"minecraft:walk_under_water_one_cm":15348,"minecraft:jump":3222,"minecraft:interact_with_blast_furnace":3,"minecraft:walk_on_water_one_cm":21974,"minecraft:total_world_time":223090,"minecraft:interact_with_furnace":57,"minecraft:interact_with_loom":1,"minecraft:sleep_in_bed":15,"minecraft:time_since_rest":31461,"minecraft:damage_taken":6574,"minecraft:damage_dealt":3966,"minecraft:swim_one_cm":24352,"minecraft:fly_one_cm":489628,"minecraft:player_kills":2,"minecraft:open_chest":60,"minecraft:crouch_one_cm":17936,"minecraft:fall_one_cm":53814}},"DataVersion":3120}