{"stats":{"minecraft:killed":{"minecraft:sheep":4,"minecraft:zombie":4,"spore:inf_human":1,"arphex:ant_arsonist":1,"arphex:butterfly_bewitcher":1},"minecraft:custom":{"minecraft:interact_with_furnace":4,"minecraft:mob_kills":11,"minecraft:interact_with_crafting_table":3,"minecraft:damage_dealt_resisted":12,"minecraft:leave_game":2,"minecraft:time_since_death":10884,"minecraft:sleep_in_bed":3,"minecraft:climb_one_cm":43702,"minecraft:time_since_rest":10909,"minecraft:sprint_one_cm":119869,"minecraft:damage_taken":1098,"minecraft:walk_one_cm":148418,"minecraft:drop":18,"minecraft:damage_dealt":2187,"minecraft:swim_one_cm":4484,"minecraft:fly_one_cm":152367,"minecraft:open_chest":21,"minecraft:crouch_one_cm":6043,"minecraft:play_time":66838,"minecraft:deaths":2,"minecraft:sneak_time":2117,"minecraft:walk_under_water_one_cm":229,"minecraft:jump":827,"minecraft:walk_on_water_one_cm":1765,"minecraft:total_world_time":66838,"minecraft:fall_one_cm":16573},"minecraft:mined":{"minecraft:light_blue_stained_glass_pane":4,"minecraft:spruce_planks":1,"minecraft:farmland":10,"minecraft:glass_pane":4,"minecraft:blue_stained_glass_pane":2,"minecraft:jungle_leaves":1,"minecraft:dark_oak_log":1,"minecraft:potted_cactus":1,"minecraft:blue_stained_glass":8,"minecraft:gray_stained_glass_pane":3,"minecraft:torch":2,"minecraft:white_stained_glass":4,"minecraft:light_gray_bed":1,"minecraft:cobblestone":2,"minecraft:wall_torch":2,"minecraft:furnace":2,"minecraft:cobblestone_wall":1,"minecraft:wheat":5,"k_turrets:titanium_ore":1,"minecraft:grass":3,"minecraft:potatoes":5,"minecraft:coal_ore":1,"minecraft:stone":1,"minecraft:oak_leaves":1},"minecraft:used":{"minecraft:baked_potato":1,"minecraft:spruce_planks":1,"minecraft:rotten_flesh":1,"minecraft:torch":4,"minecraft:dirt":10,"minecraft:crafting_table":2,"bunker_down:brittle_pickaxe":16,"minecraft:carrot":4,"minecraft:wooden_axe":30,"minecraft:bricks":1,"minecraft:bread":1,"minecraft:red_terracotta":1,"minecraft:fishing_rod":1,"minecraft:potato":23,"minecraft:light_gray_bed":3},"minecraft:picked_up":{"minecraft:wooden_axe":1,"minecraft:crafting_table":2,"minecraft:ladder":1,"minecraft:flower_pot":1,"minecraft:potato":8,"butchersdelight:deadpig":2,"minecraft:cobblestone_wall":2,"minecraft:dirt":12,"minecraft:string":1,"minecraft:wheat_seeds":5,"minecraft:spruce_planks":1,"arphex:burning_glands":2,"minecraft:furnace":3,"minecraft:stick":1,"minecraft:torch":4,"minecraft:dark_oak_log":1,"minecraft:red_terracotta":4,"minecraft:leather_helmet":1,"minecraft:light_gray_bed":4,"arphex:fly_appendage":1,"minecraft:cactus":1,"butchersdelight:deadsheep":4,"minecraft:rotten_flesh":3,"k_turrets:raw_titanium":1,"minecraft:cyan_terracotta":1,"firstaid:bandage":1,"minecraft:bricks":1,"minecraft:coal":1,"minecraft:cobblestone":3,"minecraft:white_wool":4},"minecraft:broken":{"bunker_down:brittle_pickaxe":1,"minecraft:wooden_axe":1},"minecraft:crafted":{"minecraft:crafting_table":1,"minecraft:baked_potato":1,"minecraft:dark_oak_planks":4},"minecraft:dropped":{"alexsmobs:animal_dictionary":1,"minecraft:cobblestone_wall":2,"minecraft:cobblestone":3,"minecraft:red_terracotta":3,"minecraft:carrot":10,"minecraft:leather_helmet":2,"minecraft:cyan_terracotta":1,"k_turrets:raw_titanium":1,"minecraft:fishing_rod":1,"minecraft:white_wool":4,"arphex:fly_appendage":1},"minecraft:killed_by":{"minecraft:player":1,"minecraft:zombie":1}},"DataVersion":3120}