{"stats":{"minecraft:killed_by":{"spore:inf_player":3,"minecraft:player":1,"spore:busser":5,"minecraft:zombie":1,"spore:thorn":1},"minecraft:crafted":{"butchersdelight:hook":1,"minecraft:iron_nugget":9,"minecraft:crafting_table":1,"minecraft:baked_potato":1,"butchersdelight:cleaver":1,"minecraft:bread":4,"minecraft:cooked_mutton":16,"minecraft:dark_oak_planks":4},"minecraft:used":{"minecraft:cooked_mutton":9,"minecraft:baked_potato":1,"minecraft:spruce_planks":1,"minecraft:iron_sword":62,"butchersdelight:hook":1,"minecraft:rotten_flesh":1,"minecraft:iron_chestplate":1,"minecraft:torch":5,"minecraft:dirt":11,"minecraft:crafting_table":3,"bunker_down:brittle_pickaxe":16,"minecraft:carrot":4,"minecraft:wooden_axe":30,"minecraft:bricks":1,"minecraft:bread":5,"minecraft:iron_helmet":1,"minecraft:red_terracotta":1,"minecraft:iron_boots":1,"minecraft:fishing_rod":10,"minecraft:bow":14,"minecraft:furnace":1,"minecraft:potato":23,"minecraft:light_gray_bed":19},"minecraft:picked_up":{"minecraft:wooden_axe":1,"minecraft:crafting_table":2,"arphex:roach_nymph":1,"minecraft:flower_pot":1,"minecraft:ladder":2,"minecraft:potato":8,"butchersdelight:deadpig":2,"arphex:venomous_appendage":1,"minecraft:cobblestone_wall":2,"minecraft:dirt":12,"minecraft:string":3,"minecraft:raw_copper":1,"minecraft:bone":6,"minecraft:wheat_seeds":5,"minecraft:spruce_planks":1,"arphex:burning_glands":6,"minecraft:rose_bush":2,"minecraft:furnace":3,"minecraft:stick":1,"minecraft:torch":22,"minecraft:porkchop":8,"minecraft:dark_oak_log":1,"minecraft:red_terracotta":4,"minecraft:leather_helmet":1,"arphex:fly_appendage":1,"butchersdelight:sheephide":2,"minecraft:cactus":2,"butchersdelight:deadsheep":4,"minecraft:light_gray_bed":20,"minecraft:rotten_flesh":4,"minecraft:peony":1,"k_turrets:raw_titanium":1,"minecraft:cyan_terracotta":1,"firstaid:bandage":1,"butchersdelight:hook":1,"minecraft:mutton":13,"minecraft:bricks":1,"minecraft:coal":1,"minecraft:white_wool":4,"minecraft:cobblestone":3},"minecraft:killed":{"spore:inf_player":1,"arphex:roach_riverspawn":1,"minecraft:sheep":4,"minecraft:zombie":4,"spore:inf_human":1,"arphex:blood_worm":1,"arphex:scorpion_larvae":1,"arphex:scorpion_striker":1,"arphex:ant_arsonist":4,"arphex:spider_larvae":2,"arphex:butterfly_bewitcher":1},"minecraft:broken":{"bunker_down:brittle_pickaxe":1,"minecraft:wooden_axe":1},"minecraft:dropped":{"minecraft:bread":2,"minecraft:iron_sword":1,"minecraft:raw_copper":1,"alexsmobs:animal_dictionary":1,"minecraft:cobblestone_wall":2,"minecraft:cobblestone":3,"minecraft:rotten_flesh":3,"minecraft:cooked_mutton":7,"minecraft:red_terracotta":3,"minecraft:carrot":10,"arphex:roach_nymph":1,"minecraft:leather_helmet":2,"minecraft:cyan_terracotta":1,"minecraft:dirt":1,"arphex:venomous_appendage":1,"minecraft:peony":1,"minecraft:rose_bush":2,"minecraft:ladder":1,"k_turrets:raw_titanium":1,"minecraft:cactus":2,"minecraft:fishing_rod":1,"minecraft:white_wool":4,"arphex:fly_appendage":1},"minecraft:mined":{"minecraft:light_blue_stained_glass_pane":4,"spore:fungal_roots":5,"minecraft:spruce_planks":1,"spore:wall_growths_big":28,"minecraft:glass_pane":4,"minecraft:farmland":10,"spore:wall_growths":6,"minecraft:blue_stained_glass_pane":2,"minecraft:jungle_leaves":1,"minecraft:dark_oak_log":1,"minecraft:potted_cactus":1,"minecraft:blue_stained_glass":8,"spore:growths_big":6,"minecraft:gray_stained_glass_pane":3,"minecraft:crafting_table":1,"minecraft:torch":13,"minecraft:rose_bush":2,"spore:fungal_stem":2,"minecraft:white_stained_glass":4,"minecraft:light_gray_bed":18,"minecraft:glass":1,"minecraft:cobblestone":2,"spore:growths_small":4,"minecraft:wall_torch":13,"minecraft:light_blue_stained_glass":10,"minecraft:furnace":2,"minecraft:cobblestone_wall":1,"spore:bloomfung2":16,"spore:blomfung":1,"minecraft:wheat":5,"minecraft:azure_bluet":1,"spore:growth_mycelium":1,"minecraft:peony":1,"biomesoplenty:fir_leaves":10,"spore:fungal_stem_top":1,"k_turrets:titanium_ore":1,"minecraft:grass":3,"minecraft:potatoes":5,"minecraft:coal_ore":1,"minecraft:stone":1,"minecraft:oak_leaves":4},"minecraft:custom":{"minecraft:interact_with_furnace":14,"minecraft:mob_kills":21,"minecraft:interact_with_crafting_table":6,"minecraft:interact_with_loom":1,"minecraft:damage_dealt_resisted":14,"minecraft:leave_game":3,"minecraft:time_since_death":13584,"minecraft:sleep_in_bed":11,"minecraft:climb_one_cm":48574,"minecraft:time_since_rest":4066,"minecraft:sprint_one_cm":208786,"minecraft:damage_taken":5488,"minecraft:walk_one_cm":279686,"minecraft:drop":41,"minecraft:damage_dealt":3568,"minecraft:swim_one_cm":13213,"minecraft:fly_one_cm":411816,"minecraft:open_chest":36,"minecraft:play_time":124578,"minecraft:crouch_one_cm":11776,"minecraft:sneak_time":3872,"minecraft:deaths":12,"minecraft:walk_under_water_one_cm":4459,"minecraft:jump":1915,"minecraft:walk_on_water_one_cm":3430,"minecraft:total_world_time":124578,"minecraft:fall_one_cm":31674}},"DataVersion":3120}