{"stats":{"minecraft:killed":{"minecraft:sheep":4,"minecraft:zombie":4,"spore:inf_human":1,"arphex:ant_arsonist":1,"arphex:butterfly_bewitcher":1},"minecraft:custom":{"minecraft:interact_with_furnace":14,"minecraft:mob_kills":11,"minecraft:interact_with_crafting_table":6,"minecraft:interact_with_loom":1,"minecraft:damage_dealt_resisted":12,"minecraft:leave_game":3,"minecraft:time_since_death":12710,"minecraft:sleep_in_bed":7,"minecraft:climb_one_cm":47054,"minecraft:time_since_rest":12735,"minecraft:sprint_one_cm":128044,"minecraft:damage_taken":2333,"minecraft:walk_one_cm":203772,"minecraft:drop":27,"minecraft:damage_dealt":2202,"minecraft:swim_one_cm":4484,"minecraft:fly_one_cm":169760,"minecraft:open_chest":24,"minecraft:crouch_one_cm":6642,"minecraft:play_time":86881,"minecraft:deaths":4,"minecraft:sneak_time":2349,"minecraft:walk_under_water_one_cm":229,"minecraft:jump":931,"minecraft:walk_on_water_one_cm":1765,"minecraft:total_world_time":86881,"minecraft:fall_one_cm":19621},"minecraft:mined":{"minecraft:light_blue_stained_glass_pane":4,"spore:fungal_roots":2,"spore:wall_growths_big":10,"minecraft:spruce_planks":1,"minecraft:farmland":10,"minecraft:glass_pane":4,"minecraft:blue_stained_glass_pane":2,"minecraft:jungle_leaves":1,"minecraft:dark_oak_log":1,"minecraft:potted_cactus":1,"minecraft:blue_stained_glass":8,"spore:growths_big":1,"minecraft:crafting_table":1,"minecraft:gray_stained_glass_pane":3,"minecraft:torch":2,"spore:fungal_stem":1,"minecraft:white_stained_glass":4,"minecraft:light_gray_bed":13,"minecraft:cobblestone":2,"spore:growths_small":2,"minecraft:wall_torch":2,"minecraft:furnace":2,"minecraft:cobblestone_wall":1,"spore:bloomfung2":9,"minecraft:wheat":5,"k_turrets:titanium_ore":1,"minecraft:grass":3,"minecraft:potatoes":5,"minecraft:coal_ore":1,"minecraft:stone":1,"minecraft:oak_leaves":1},"minecraft:used":{"minecraft:cooked_mutton":5,"minecraft:baked_potato":1,"minecraft:spruce_planks":1,"butchersdelight:hook":1,"minecraft:rotten_flesh":1,"minecraft:torch":4,"minecraft:dirt":11,"minecraft:crafting_table":3,"bunker_down:brittle_pickaxe":16,"minecraft:carrot":4,"minecraft:wooden_axe":30,"minecraft:bricks":1,"minecraft:bread":3,"minecraft:red_terracotta":1,"minecraft:fishing_rod":10,"minecraft:furnace":1,"minecraft:potato":23,"minecraft:light_gray_bed":14},"minecraft:picked_up":{"minecraft:wooden_axe":1,"minecraft:crafting_table":2,"minecraft:ladder":2,"minecraft:flower_pot":1,"minecraft:potato":8,"butchersdelight:deadpig":2,"minecraft:cobblestone_wall":2,"minecraft:dirt":12,"minecraft:string":1,"minecraft:bone":6,"minecraft:wheat_seeds":5,"minecraft:spruce_planks":1,"arphex:burning_glands":2,"minecraft:furnace":3,"minecraft:stick":1,"minecraft:torch":4,"minecraft:porkchop":8,"minecraft:dark_oak_log":1,"minecraft:red_terracotta":4,"minecraft:leather_helmet":1,"butchersdelight:sheephide":2,"minecraft:light_gray_bed":15,"arphex:fly_appendage":1,"minecraft:cactus":1,"butchersdelight:deadsheep":4,"minecraft:rotten_flesh":4,"k_turrets:raw_titanium":1,"minecraft:cyan_terracotta":1,"firstaid:bandage":1,"butchersdelight:hook":1,"minecraft:mutton":13,"minecraft:bricks":1,"minecraft:coal":1,"minecraft:cobblestone":3,"minecraft:white_wool":4},"minecraft:broken":{"bunker_down:brittle_pickaxe":1,"minecraft:wooden_axe":1},"minecraft:crafted":{"butchersdelight:hook":1,"minecraft:iron_nugget":9,"minecraft:crafting_table":1,"minecraft:baked_potato":1,"butchersdelight:cleaver":1,"minecraft:bread":4,"minecraft:cooked_mutton":16,"minecraft:dark_oak_planks":4},"minecraft:dropped":{"minecraft:bread":2,"alexsmobs:animal_dictionary":1,"minecraft:cobblestone_wall":2,"minecraft:cobblestone":3,"minecraft:rotten_flesh":3,"minecraft:cooked_mutton":2,"minecraft:red_terracotta":3,"minecraft:carrot":10,"minecraft:leather_helmet":2,"minecraft:cyan_terracotta":1,"minecraft:dirt":1,"minecraft:ladder":1,"k_turrets:raw_titanium":1,"minecraft:fishing_rod":1,"minecraft:white_wool":4,"arphex:fly_appendage":1},"minecraft:killed_by":{"minecraft:player":1,"spore:busser":1,"minecraft:zombie":1,"spore:thorn":1}},"DataVersion":3120}