{"stats":{"minecraft:killed_by":{"spore:busser":1,"minecraft:zombie":2},"minecraft:crafted":{"minecraft:oak_planks":12,"minecraft:spruce_planks":20,"minecraft:stick":12,"minecraft:stone_pickaxe":1,"minecraft:wooden_axe":2,"firstaid:bandage":1,"minecraft:dark_oak_planks":20},"minecraft:mined":{"spore:fungal_roots":3,"spore:wall_growths_big":1,"minecraft:glass_pane":2,"minecraft:farmland":10,"minecraft:cyan_terracotta":2,"minecraft:dark_oak_leaves":1,"minecraft:dark_oak_log":5,"minecraft:blue_stained_glass":14,"minecraft:gray_stained_glass_pane":2,"minecraft:crafting_table":4,"minecraft:torch":5,"minecraft:ladder":6,"minecraft:white_stained_glass_pane":2,"minecraft:white_stained_glass":4,"minecraft:light_gray_bed":15,"minecraft:glass":4,"minecraft:bricks":1,"minecraft:wall_torch":2,"minecraft:spawner":11,"minecraft:red_terracotta":9,"minecraft:furnace":2,"minecraft:carrots":5,"minecraft:cobblestone_wall":1,"biomesoplenty:white_cherry_leaves":1,"spore:bloomfung2":3,"minecraft:redstone_torch":1,"minecraft:orange_stained_glass_pane":2,"minecraft:anvil":3,"biomesoplenty:fir_log":1,"minecraft:grass":2,"butchersdelight:hook":1,"minecraft:oak_log":3,"minecraft:beetroots":5,"biomesoplenty:fir_leaves":16,"spore:hive_spawn":1,"minecraft:dirt":2,"spore:hanging_fungal_stem":3,"minecraft:cracked_stone_bricks":1,"bunker_down:steel_block":10,"minecraft:stone_bricks":6,"minecraft:stone":2,"minecraft:oak_leaves":1},"minecraft:dropped":{"minecraft:rotten_flesh":1,"minecraft:stick":1,"firstaid:bandage":1,"minecraft:wooden_axe":1,"minecraft:bone":1},"minecraft:picked_up":{"minecraft:fishing_rod":1,"spore:mutated_heart":1,"minecraft:crafting_table":2,"minecraft:anvil":3,"minecraft:ladder":8,"biomesoplenty:fir_sapling":1,"biomesoplenty:fir_log":1,"butchersdelight:deadpig":1,"minecraft:oak_log":3,"minecraft:dirt":11,"bunker_down:steel_block":4,"minecraft:cooked_mutton":7,"minecraft:bone":1,"minecraft:stone_bricks":6,"minecraft:cracked_stone_bricks":1,"minecraft:wheat_seeds":1,"arphex:burning_glands":1,"minecraft:redstone_torch":3,"spore:mutated_fiber":4,"minecraft:iron_sword":1,"minecraft:furnace":1,"minecraft:stick":2,"minecraft:torch":11,"minecraft:carrot":15,"minecraft:redstone":1,"minecraft:dark_oak_log":5,"minecraft:red_terracotta":4,"alexsmobs:animal_dictionary":1,"minecraft:leather_helmet":1,"butchersdelight:sheephide":2,"minecraft:rotten_flesh":7,"minecraft:light_gray_bed":13,"minecraft:beetroot_seeds":5,"k_turrets:raw_titanium":1,"minecraft:cyan_terracotta":1,"minecraft:bread":2,"minecraft:mutton":3,"minecraft:white_wool":4,"minecraft:cobblestone":5},"minecraft:used":{"minecraft:cooked_mutton":7,"minecraft:stone_pickaxe":59,"minecraft:oak_planks":11,"minecraft:ladder":4,"minecraft:spruce_planks":18,"minecraft:iron_sword":12,"minecraft:rotten_flesh":11,"minecraft:cracked_stone_bricks":1,"minecraft:white_wool":1,"minecraft:anvil":3,"minecraft:crafting_table":1,"minecraft:carrot":16,"minecraft:wooden_axe":35,"minecraft:dark_oak_planks":4,"minecraft:bread":4,"minecraft:leather_helmet":1,"minecraft:red_terracotta":4,"minecraft:stone_bricks":1,"minecraft:fishing_rod":8,"travelersbackpack:standard":1,"minecraft:potato":3,"minecraft:enchanted_golden_apple":1,"minecraft:light_gray_bed":12},"minecraft:killed":{"alexsmobs:seal":1,"minecraft:zombie":3,"spore:inf_human":2,"arphex:ant_arsonist":1,"arphex:spider_larvae":1},"minecraft:custom":{"minecraft:interact_with_furnace":2,"minecraft:mob_kills":9,"minecraft:interact_with_crafting_table":5,"minecraft:damage_dealt_resisted":45,"minecraft:leave_game":4,"minecraft:time_since_death":12046,"minecraft:sleep_in_bed":7,"minecraft:damage_resisted":4,"minecraft:climb_one_cm":46710,"minecraft:time_since_rest":11134,"minecraft:sprint_one_cm":225963,"minecraft:damage_taken":2379,"minecraft:walk_one_cm":231590,"minecraft:drop":5,"minecraft:damage_dealt":2082,"minecraft:player_kills":1,"minecraft:swim_one_cm":14940,"minecraft:fly_one_cm":309641,"minecraft:open_chest":14,"minecraft:play_time":113185,"minecraft:crouch_one_cm":11637,"minecraft:sneak_time":3859,"minecraft:deaths":4,"minecraft:walk_under_water_one_cm":7430,"minecraft:jump":1413,"minecraft:walk_on_water_one_cm":8316,"minecraft:total_world_time":113185,"minecraft:fall_one_cm":23402}},"DataVersion":3120}