{"stats":{"minecraft:killed":{"spore:inf_human":1,"minecraft:zombie":2,"arphex:ant_arsonist":1,"arphex:spider_larvae":1},"minecraft:custom":{"minecraft:mob_kills":6,"minecraft:interact_with_crafting_table":5,"minecraft:damage_dealt_resisted":45,"minecraft:leave_game":2,"minecraft:time_since_death":4903,"minecraft:sleep_in_bed":4,"minecraft:climb_one_cm":44657,"minecraft:damage_resisted":4,"minecraft:time_since_rest":4938,"minecraft:sprint_one_cm":140501,"minecraft:damage_taken":1088,"minecraft:walk_one_cm":152250,"minecraft:drop":4,"minecraft:damage_dealt":1420,"minecraft:swim_one_cm":2910,"minecraft:fly_one_cm":125047,"minecraft:player_kills":1,"minecraft:open_chest":9,"minecraft:crouch_one_cm":8022,"minecraft:play_time":77225,"minecraft:deaths":2,"minecraft:sneak_time":2002,"minecraft:walk_under_water_one_cm":123,"minecraft:jump":700,"minecraft:walk_on_water_one_cm":3814,"minecraft:total_world_time":77225,"minecraft:fall_one_cm":11871},"minecraft:mined":{"minecraft:farmland":10,"minecraft:cyan_terracotta":2,"minecraft:dark_oak_log":4,"minecraft:blue_stained_glass":14,"minecraft:gray_stained_glass_pane":2,"minecraft:crafting_table":3,"minecraft:torch":1,"minecraft:ladder":6,"minecraft:white_stained_glass_pane":2,"minecraft:white_stained_glass":4,"minecraft:light_gray_bed":13,"minecraft:glass":4,"minecraft:bricks":1,"minecraft:spawner":11,"minecraft:red_terracotta":9,"minecraft:furnace":1,"minecraft:carrots":5,"minecraft:cobblestone_wall":1,"biomesoplenty:white_cherry_leaves":1,"minecraft:anvil":1,"minecraft:grass":2,"minecraft:beetroots":5,"minecraft:dirt":2,"minecraft:cracked_stone_bricks":1,"minecraft:oak_leaves":1},"minecraft:used":{"minecraft:stone_pickaxe":33,"minecraft:ladder":3,"minecraft:spruce_planks":18,"minecraft:rotten_flesh":9,"minecraft:cracked_stone_bricks":1,"minecraft:white_wool":1,"minecraft:crafting_table":1,"minecraft:carrot":16,"minecraft:wooden_axe":31,"minecraft:bread":2,"minecraft:leather_helmet":1,"minecraft:red_terracotta":4,"travelersbackpack:standard":1,"minecraft:enchanted_golden_apple":1,"minecraft:light_gray_bed":10},"minecraft:picked_up":{"minecraft:fishing_rod":1,"minecraft:crafting_table":1,"minecraft:ladder":5,"minecraft:anvil":1,"butchersdelight:deadpig":1,"minecraft:dirt":10,"minecraft:bone":1,"minecraft:cracked_stone_bricks":1,"minecraft:wheat_seeds":1,"arphex:burning_glands":1,"minecraft:torch":1,"minecraft:carrot":15,"minecraft:dark_oak_log":4,"minecraft:red_terracotta":4,"alexsmobs:animal_dictionary":1,"minecraft:leather_helmet":1,"butchersdelight:sheephide":2,"minecraft:light_gray_bed":11,"minecraft:rotten_flesh":3,"minecraft:beetroot_seeds":5,"k_turrets:raw_titanium":1,"minecraft:cyan_terracotta":1,"minecraft:mutton":3,"minecraft:white_wool":4,"minecraft:cobblestone":3},"minecraft:crafted":{"minecraft:spruce_planks":20,"minecraft:stick":12,"minecraft:stone_pickaxe":1,"minecraft:wooden_axe":2,"firstaid:bandage":1,"minecraft:dark_oak_planks":16},"minecraft:dropped":{"minecraft:stick":1,"firstaid:bandage":1,"minecraft:wooden_axe":1,"minecraft:bone":1},"minecraft:killed_by":{"spore:busser":1,"minecraft:zombie":1}},"DataVersion":3120}