{"stats":{"minecraft:killed_by":{"minecraft:player":2,"spore:busser":1,"spore:inf_villager":1,"minecraft:zombie":2,"spore:leaper":1},"minecraft:crafted":{"minecraft:oak_planks":12,"minecraft:stone_pickaxe":4,"minecraft:dark_oak_planks":20,"minecraft:spruce_planks":20,"minecraft:stone_axe":1,"minecraft:air":0,"biomesoplenty:fir_planks":4,"minecraft:stick":12,"minecraft:iron_ingot":22,"minecraft:wooden_axe":2,"firstaid:bandage":1},"minecraft:mined":{"spore:fungal_roots":3,"minecraft:tuff":7,"spore:wall_growths_big":1,"minecraft:farmland":10,"minecraft:dark_oak_leaves":1,"minecraft:dark_oak_log":5,"minecraft:gray_stained_glass_pane":2,"minecraft:ladder":6,"minecraft:granite":1,"minecraft:white_stained_glass":4,"minecraft:light_gray_bed":16,"minecraft:spawner":11,"minecraft:furnace":4,"minecraft:carrots":5,"minecraft:iron_ore":6,"minecraft:orange_stained_glass_pane":2,"minecraft:andesite":9,"minecraft:anvil":3,"minecraft:bookshelf":1,"minecraft:deepslate_iron_ore":47,"spore:hive_spawn":1,"bunker_down:steel_block":10,"minecraft:stone":169,"minecraft:glass_pane":2,"minecraft:cyan_terracotta":2,"minecraft:blue_stained_glass":14,"minecraft:crafting_table":5,"minecraft:torch":5,"minecraft:light_gray_terracotta":54,"minecraft:white_stained_glass_pane":2,"minecraft:glass":4,"minecraft:cobblestone":9,"minecraft:bricks":1,"minecraft:diorite":3,"minecraft:wall_torch":4,"minecraft:red_terracotta":9,"minecraft:cobblestone_wall":2,"biomesoplenty:white_cherry_leaves":1,"spore:bloomfung2":3,"minecraft:redstone_torch":1,"biomesoplenty:fir_log":1,"minecraft:grass":2,"minecraft:oak_log":3,"butchersdelight:hook":1,"minecraft:coal_ore":30,"minecraft:beetroots":5,"biomesoplenty:fir_leaves":16,"minecraft:gravel":16,"minecraft:dirt":8,"spore:hanging_fungal_stem":3,"minecraft:cobweb":4,"minecraft:cracked_stone_bricks":1,"minecraft:stone_bricks":6,"minecraft:oak_leaves":1,"minecraft:iron_trapdoor":1,"minecraft:deepslate":32},"minecraft:broken":{"minecraft:leather_chestplate":1,"minecraft:stone_pickaxe":3,"minecraft:wooden_axe":1,"minecraft:fishing_rod":1},"minecraft:dropped":{"minecraft:wheat_seeds":5,"minecraft:coal":4,"minecraft:stick":1,"firstaid:bandage":1,"minecraft:wooden_axe":1,"butchersdelight:deadpig":1,"minecraft:bone":1,"minecraft:rotten_flesh":1,"minecraft:redstone_torch":1},"minecraft:picked_up":{"minecraft:fishing_rod":1,"minecraft:crafting_table":3,"spore:mutated_heart":2,"minecraft:ladder":8,"minecraft:iron_trapdoor":1,"minecraft:anvil":3,"minecraft:string":3,"minecraft:cracked_stone_bricks":1,"minecraft:cobbled_deepslate":44,"minecraft:redstone_torch":3,"minecraft:furnace":3,"minecraft:stick":8,"minecraft:raw_iron":53,"minecraft:torch":13,"minecraft:diorite":3,"minecraft:carrot":15,"minecraft:redstone":1,"minecraft:light_gray_bed":14,"minecraft:rotten_flesh":13,"minecraft:beetroot_seeds":5,"k_turrets:raw_titanium":1,"minecraft:cyan_terracotta":1,"minecraft:mutton":3,"minecraft:white_wool":4,"minecraft:cobblestone":177,"minecraft:andesite":9,"biomesoplenty:fir_sapling":1,"biomesoplenty:fir_log":1,"butchersdelight:deadpig":1,"minecraft:flint":1,"minecraft:tuff":7,"minecraft:oak_log":3,"minecraft:cobblestone_wall":1,"minecraft:dirt":17,"bunker_down:steel_block":4,"minecraft:cooked_mutton":9,"minecraft:bone":1,"minecraft:stone_bricks":6,"minecraft:wheat_seeds":6,"arphex:burning_glands":1,"spore:mutated_fiber":10,"minecraft:iron_sword":1,"minecraft:book":3,"spore:cerebrum":2,"minecraft:cooked_porkchop":1,"spore:armor_fragment":5,"minecraft:gravel":11,"minecraft:fermented_spider_eye":1,"minecraft:dark_oak_log":5,"minecraft:red_terracotta":4,"alexsmobs:animal_dictionary":1,"minecraft:leather_helmet":1,"spore:claw_fragment":3,"minecraft:light_gray_terracotta":47,"butchersdelight:sheephide":2,"minecraft:granite":2,"minecraft:bread":2,"spore:spine_fragment":3,"minecraft:coal":30},"minecraft:used":{"minecraft:ladder":7,"minecraft:spruce_planks":18,"minecraft:iron_sword":94,"minecraft:rotten_flesh":13,"minecraft:torch":12,"minecraft:dirt":1,"minecraft:anvil":3,"minecraft:cobblestone_wall":1,"minecraft:carrot":16,"minecraft:tuff":7,"minecraft:granite":2,"minecraft:dark_oak_planks":4,"minecraft:wooden_axe":36,"minecraft:cyan_terracotta":1,"minecraft:stone_bricks":5,"minecraft:iron_trapdoor":1,"minecraft:furnace":2,"minecraft:potato":3,"minecraft:cobbled_deepslate":44,"minecraft:enchanted_golden_apple":1,"minecraft:light_gray_bed":14,"minecraft:cooked_mutton":9,"minecraft:diorite":3,"minecraft:stone_pickaxe":428,"minecraft:oak_planks":11,"biomesoplenty:fir_planks":4,"minecraft:cracked_stone_bricks":1,"minecraft:white_wool":1,"minecraft:crafting_table":3,"minecraft:light_gray_terracotta":26,"minecraft:redstone_torch":2,"bunker_down:steel_block":4,"minecraft:bread":4,"minecraft:leather_helmet":1,"minecraft:red_terracotta":4,"minecraft:stone_axe":1,"minecraft:fishing_rod":20,"minecraft:cobblestone":55,"travelersbackpack:standard":3,"minecraft:cooked_porkchop":1},"minecraft:killed":{"rottencreatures:burned":1,"arphex:ant_arsonist":1,"rottencreatures:undead_miner":1,"spore:stalker":1,"alexsmobs:seal":1,"spore:inf_pillager":1,"kevin_trophy:blister_zombie":1,"spore:inf_human":3,"minecraft:zombie":14,"arphex:spider_larvae":1},"minecraft:custom":{"minecraft:mob_kills":26,"minecraft:interact_with_crafting_table":15,"minecraft:damage_dealt_resisted":69,"minecraft:leave_game":4,"minecraft:time_since_death":7830,"minecraft:climb_one_cm":65160,"minecraft:damage_resisted":4,"minecraft:sprint_one_cm":352205,"minecraft:walk_one_cm":431089,"minecraft:drop":9,"minecraft:play_time":197185,"minecraft:deaths":8,"minecraft:sneak_time":12131,"minecraft:walk_under_water_one_cm":13876,"minecraft:jump":2220,"minecraft:walk_on_water_one_cm":15896,"minecraft:total_world_time":197185,"minecraft:interact_with_furnace":7,"minecraft:sleep_in_bed":8,"minecraft:time_since_rest":7860,"minecraft:damage_taken":4056,"minecraft:damage_dealt":5775,"minecraft:swim_one_cm":14940,"minecraft:fly_one_cm":344736,"minecraft:player_kills":2,"minecraft:open_chest":22,"minecraft:crouch_one_cm":33371,"minecraft:fall_one_cm":36075}},"DataVersion":3120}