{"stats":{"minecraft:killed_by":{"spore:busser":1,"minecraft:zombie":1},"minecraft:crafted":{"minecraft:oak_planks":12,"minecraft:spruce_planks":20,"minecraft:stick":12,"minecraft:stone_pickaxe":1,"minecraft:wooden_axe":2,"firstaid:bandage":1,"minecraft:dark_oak_planks":20},"minecraft:used":{"minecraft:cooked_mutton":5,"minecraft:stone_pickaxe":41,"minecraft:oak_planks":10,"minecraft:ladder":4,"minecraft:spruce_planks":18,"minecraft:iron_sword":3,"minecraft:rotten_flesh":10,"minecraft:cracked_stone_bricks":1,"minecraft:white_wool":1,"minecraft:anvil":2,"minecraft:crafting_table":1,"minecraft:carrot":16,"minecraft:dark_oak_planks":4,"minecraft:wooden_axe":35,"minecraft:bread":4,"minecraft:leather_helmet":1,"minecraft:red_terracotta":4,"minecraft:fishing_rod":8,"travelersbackpack:standard":1,"minecraft:enchanted_golden_apple":1,"minecraft:light_gray_bed":11},"minecraft:picked_up":{"minecraft:fishing_rod":1,"spore:mutated_heart":1,"minecraft:crafting_table":2,"minecraft:anvil":3,"minecraft:ladder":5,"butchersdelight:deadpig":1,"minecraft:oak_log":3,"minecraft:dirt":11,"minecraft:cooked_mutton":5,"minecraft:bone":1,"minecraft:cracked_stone_bricks":1,"minecraft:wheat_seeds":1,"arphex:burning_glands":1,"spore:mutated_fiber":4,"minecraft:iron_sword":1,"minecraft:furnace":1,"minecraft:torch":1,"minecraft:carrot":15,"minecraft:dark_oak_log":5,"minecraft:red_terracotta":4,"minecraft:leather_helmet":1,"alexsmobs:animal_dictionary":1,"butchersdelight:sheephide":2,"minecraft:light_gray_bed":12,"minecraft:rotten_flesh":5,"minecraft:beetroot_seeds":5,"k_turrets:raw_titanium":1,"minecraft:cyan_terracotta":1,"minecraft:bread":2,"minecraft:mutton":3,"minecraft:white_wool":4,"minecraft:cobblestone":3},"minecraft:killed":{"minecraft:zombie":2,"spore:inf_human":2,"arphex:ant_arsonist":1,"arphex:spider_larvae":1},"minecraft:dropped":{"minecraft:rotten_flesh":1,"minecraft:stick":1,"firstaid:bandage":1,"minecraft:wooden_axe":1,"minecraft:bone":1},"minecraft:mined":{"spore:fungal_roots":3,"spore:wall_growths_big":1,"minecraft:farmland":10,"minecraft:glass_pane":2,"minecraft:cyan_terracotta":2,"minecraft:dark_oak_leaves":1,"minecraft:dark_oak_log":5,"minecraft:blue_stained_glass":14,"minecraft:gray_stained_glass_pane":2,"minecraft:crafting_table":4,"minecraft:torch":1,"minecraft:ladder":6,"minecraft:white_stained_glass_pane":2,"minecraft:white_stained_glass":4,"minecraft:light_gray_bed":14,"minecraft:glass":4,"minecraft:bricks":1,"minecraft:spawner":11,"minecraft:red_terracotta":9,"minecraft:furnace":2,"minecraft:carrots":5,"minecraft:cobblestone_wall":1,"biomesoplenty:white_cherry_leaves":1,"spore:bloomfung2":3,"minecraft:orange_stained_glass_pane":2,"minecraft:anvil":3,"minecraft:grass":2,"minecraft:oak_log":3,"butchersdelight:hook":1,"minecraft:beetroots":5,"spore:hive_spawn":1,"minecraft:dirt":2,"spore:hanging_fungal_stem":3,"minecraft:cracked_stone_bricks":1,"minecraft:oak_leaves":1},"minecraft:custom":{"minecraft:interact_with_furnace":2,"minecraft:mob_kills":7,"minecraft:interact_with_crafting_table":5,"minecraft:damage_dealt_resisted":45,"minecraft:leave_game":3,"minecraft:time_since_death":3746,"minecraft:sleep_in_bed":6,"minecraft:climb_one_cm":45371,"minecraft:damage_resisted":4,"minecraft:time_since_rest":3771,"minecraft:sprint_one_cm":174021,"minecraft:damage_taken":1710,"minecraft:walk_one_cm":187898,"minecraft:drop":5,"minecraft:damage_dealt":1662,"minecraft:player_kills":1,"minecraft:swim_one_cm":4979,"minecraft:fly_one_cm":177736,"minecraft:open_chest":13,"minecraft:crouch_one_cm":9527,"minecraft:play_time":94117,"minecraft:deaths":3,"minecraft:sneak_time":2876,"minecraft:walk_under_water_one_cm":771,"minecraft:jump":940,"minecraft:walk_on_water_one_cm":4096,"minecraft:total_world_time":94117,"minecraft:fall_one_cm":19264}},"DataVersion":3120}