{"stats":{"minecraft:killed_by":{"minecraft:player":1,"spore:busser":1,"minecraft:zombie":2,"spore:leaper":1},"minecraft:crafted":{"minecraft:oak_planks":12,"minecraft:spruce_planks":20,"biomesoplenty:fir_planks":4,"minecraft:stick":12,"minecraft:stone_pickaxe":2,"minecraft:wooden_axe":2,"firstaid:bandage":1,"minecraft:dark_oak_planks":20},"minecraft:mined":{"spore:fungal_roots":3,"spore:wall_growths_big":1,"minecraft:glass_pane":2,"minecraft:farmland":10,"minecraft:cyan_terracotta":2,"minecraft:dark_oak_leaves":1,"minecraft:dark_oak_log":5,"minecraft:blue_stained_glass":14,"minecraft:gray_stained_glass_pane":2,"minecraft:crafting_table":4,"minecraft:torch":5,"minecraft:light_gray_terracotta":6,"minecraft:ladder":6,"minecraft:white_stained_glass_pane":2,"minecraft:white_stained_glass":4,"minecraft:light_gray_bed":16,"minecraft:glass":4,"minecraft:bricks":1,"minecraft:wall_torch":3,"minecraft:spawner":11,"minecraft:red_terracotta":9,"minecraft:furnace":2,"minecraft:carrots":5,"minecraft:cobblestone_wall":2,"biomesoplenty:white_cherry_leaves":1,"spore:bloomfung2":3,"minecraft:redstone_torch":1,"minecraft:orange_stained_glass_pane":2,"minecraft:anvil":3,"biomesoplenty:fir_log":1,"minecraft:bookshelf":1,"minecraft:grass":2,"butchersdelight:hook":1,"minecraft:oak_log":3,"minecraft:beetroots":5,"biomesoplenty:fir_leaves":16,"spore:hive_spawn":1,"minecraft:gravel":14,"minecraft:dirt":2,"spore:hanging_fungal_stem":3,"minecraft:cobweb":3,"minecraft:cracked_stone_bricks":1,"bunker_down:steel_block":10,"minecraft:stone_bricks":6,"minecraft:stone":96,"minecraft:iron_trapdoor":1,"minecraft:oak_leaves":1},"minecraft:dropped":{"minecraft:wheat_seeds":5,"minecraft:rotten_flesh":1,"minecraft:stick":1,"firstaid:bandage":1,"minecraft:wooden_axe":1,"minecraft:redstone_torch":1,"butchersdelight:deadpig":1,"minecraft:bone":1},"minecraft:broken":{"minecraft:stone_pickaxe":1,"minecraft:wooden_axe":1,"minecraft:leather_chestplate":1},"minecraft:picked_up":{"minecraft:fishing_rod":1,"spore:mutated_heart":1,"minecraft:crafting_table":2,"minecraft:iron_trapdoor":1,"minecraft:anvil":3,"minecraft:ladder":8,"biomesoplenty:fir_sapling":1,"biomesoplenty:fir_log":1,"minecraft:flint":1,"butchersdelight:deadpig":1,"minecraft:oak_log":3,"minecraft:cobblestone_wall":1,"minecraft:string":3,"minecraft:dirt":11,"bunker_down:steel_block":4,"minecraft:cooked_mutton":9,"minecraft:bone":1,"minecraft:stone_bricks":6,"minecraft:cracked_stone_bricks":1,"minecraft:wheat_seeds":6,"arphex:burning_glands":1,"minecraft:redstone_torch":3,"spore:mutated_fiber":4,"minecraft:iron_sword":1,"minecraft:furnace":1,"minecraft:book":3,"minecraft:stick":2,"minecraft:cooked_porkchop":1,"minecraft:torch":12,"minecraft:gravel":11,"minecraft:light_gray_terracotta":5,"minecraft:carrot":15,"minecraft:redstone":1,"minecraft:dark_oak_log":5,"minecraft:red_terracotta":4,"alexsmobs:animal_dictionary":1,"minecraft:leather_helmet":1,"butchersdelight:sheephide":2,"minecraft:rotten_flesh":9,"minecraft:light_gray_bed":14,"minecraft:beetroot_seeds":5,"k_turrets:raw_titanium":1,"minecraft:cyan_terracotta":1,"minecraft:bread":2,"minecraft:mutton":3,"minecraft:white_wool":4,"minecraft:cobblestone":94},"minecraft:used":{"minecraft:cooked_mutton":8,"minecraft:stone_pickaxe":161,"minecraft:oak_planks":11,"minecraft:ladder":7,"minecraft:spruce_planks":18,"biomesoplenty:fir_planks":4,"minecraft:iron_sword":29,"minecraft:rotten_flesh":11,"minecraft:cracked_stone_bricks":1,"minecraft:white_wool":1,"minecraft:torch":12,"minecraft:dirt":1,"minecraft:anvil":3,"minecraft:crafting_table":2,"minecraft:light_gray_terracotta":2,"minecraft:cobblestone_wall":1,"minecraft:carrot":16,"minecraft:redstone_torch":2,"minecraft:wooden_axe":36,"minecraft:dark_oak_planks":4,"bunker_down:steel_block":4,"minecraft:bread":4,"minecraft:leather_helmet":1,"minecraft:red_terracotta":4,"minecraft:stone_bricks":5,"minecraft:fishing_rod":10,"minecraft:cobblestone":6,"travelersbackpack:standard":2,"minecraft:iron_trapdoor":1,"minecraft:furnace":1,"minecraft:potato":3,"minecraft:enchanted_golden_apple":1,"minecraft:light_gray_bed":14},"minecraft:killed":{"alexsmobs:seal":1,"minecraft:zombie":6,"spore:inf_human":2,"arphex:ant_arsonist":1,"arphex:spider_larvae":1},"minecraft:custom":{"minecraft:interact_with_furnace":2,"minecraft:mob_kills":12,"minecraft:interact_with_crafting_table":8,"minecraft:damage_dealt_resisted":45,"minecraft:leave_game":4,"minecraft:time_since_death":16904,"minecraft:sleep_in_bed":8,"minecraft:damage_resisted":4,"minecraft:climb_one_cm":60559,"minecraft:time_since_rest":16930,"minecraft:sprint_one_cm":261316,"minecraft:damage_taken":3462,"minecraft:walk_one_cm":322576,"minecraft:drop":8,"minecraft:damage_dealt":2641,"minecraft:player_kills":1,"minecraft:swim_one_cm":14940,"minecraft:fly_one_cm":321670,"minecraft:open_chest":16,"minecraft:play_time":149185,"minecraft:crouch_one_cm":12641,"minecraft:sneak_time":4744,"minecraft:deaths":6,"minecraft:walk_under_water_one_cm":13876,"minecraft:jump":1782,"minecraft:walk_on_water_one_cm":14172,"minecraft:total_world_time":149185,"minecraft:fall_one_cm":29066}},"DataVersion":3120}