{"stats":{"minecraft:killed":{"spore:inf_human":1,"minecraft:zombie":2,"arphex:ant_arsonist":1,"arphex:spider_larvae":1},"minecraft:custom":{"minecraft:interact_with_furnace":2,"minecraft:mob_kills":6,"minecraft:interact_with_crafting_table":5,"minecraft:damage_dealt_resisted":45,"minecraft:leave_game":3,"minecraft:time_since_death":13003,"minecraft:sleep_in_bed":4,"minecraft:climb_one_cm":45319,"minecraft:damage_resisted":4,"minecraft:time_since_rest":13038,"minecraft:sprint_one_cm":146950,"minecraft:damage_taken":1398,"minecraft:walk_one_cm":170005,"minecraft:drop":5,"minecraft:damage_dealt":1420,"minecraft:swim_one_cm":2910,"minecraft:fly_one_cm":133298,"minecraft:player_kills":1,"minecraft:open_chest":10,"minecraft:crouch_one_cm":8444,"minecraft:play_time":85325,"minecraft:deaths":2,"minecraft:sneak_time":2472,"minecraft:walk_under_water_one_cm":123,"minecraft:jump":752,"minecraft:walk_on_water_one_cm":3814,"minecraft:total_world_time":85325,"minecraft:fall_one_cm":13872},"minecraft:mined":{"spore:fungal_roots":3,"spore:wall_growths_big":1,"minecraft:glass_pane":2,"minecraft:farmland":10,"minecraft:cyan_terracotta":2,"minecraft:dark_oak_log":4,"minecraft:blue_stained_glass":14,"minecraft:gray_stained_glass_pane":2,"minecraft:crafting_table":4,"minecraft:torch":1,"minecraft:ladder":6,"minecraft:white_stained_glass_pane":2,"minecraft:white_stained_glass":4,"minecraft:light_gray_bed":13,"minecraft:glass":4,"minecraft:bricks":1,"minecraft:spawner":11,"minecraft:red_terracotta":9,"minecraft:furnace":2,"minecraft:carrots":5,"minecraft:cobblestone_wall":1,"biomesoplenty:white_cherry_leaves":1,"spore:bloomfung2":3,"minecraft:orange_stained_glass_pane":2,"minecraft:anvil":3,"minecraft:grass":2,"butchersdelight:hook":1,"minecraft:beetroots":5,"spore:hive_spawn":1,"minecraft:dirt":2,"spore:hanging_fungal_stem":3,"minecraft:cracked_stone_bricks":1,"minecraft:oak_leaves":1},"minecraft:used":{"minecraft:cooked_mutton":2,"minecraft:stone_pickaxe":37,"minecraft:ladder":3,"minecraft:spruce_planks":18,"minecraft:rotten_flesh":10,"minecraft:cracked_stone_bricks":1,"minecraft:white_wool":1,"minecraft:anvil":2,"minecraft:crafting_table":1,"minecraft:carrot":16,"minecraft:wooden_axe":35,"minecraft:bread":4,"minecraft:leather_helmet":1,"minecraft:red_terracotta":4,"minecraft:fishing_rod":8,"travelersbackpack:standard":1,"minecraft:enchanted_golden_apple":1,"minecraft:light_gray_bed":10},"minecraft:picked_up":{"minecraft:fishing_rod":1,"minecraft:crafting_table":2,"minecraft:ladder":5,"minecraft:anvil":3,"butchersdelight:deadpig":1,"minecraft:dirt":11,"minecraft:cooked_mutton":2,"minecraft:bone":1,"minecraft:cracked_stone_bricks":1,"minecraft:wheat_seeds":1,"arphex:burning_glands":1,"minecraft:furnace":1,"minecraft:torch":1,"minecraft:carrot":15,"minecraft:dark_oak_log":4,"minecraft:red_terracotta":4,"alexsmobs:animal_dictionary":1,"minecraft:leather_helmet":1,"butchersdelight:sheephide":2,"minecraft:light_gray_bed":11,"minecraft:rotten_flesh":5,"minecraft:beetroot_seeds":5,"k_turrets:raw_titanium":1,"minecraft:cyan_terracotta":1,"minecraft:bread":2,"minecraft:mutton":3,"minecraft:white_wool":4,"minecraft:cobblestone":3},"minecraft:crafted":{"minecraft:spruce_planks":20,"minecraft:stick":12,"minecraft:stone_pickaxe":1,"minecraft:wooden_axe":2,"firstaid:bandage":1,"minecraft:dark_oak_planks":16},"minecraft:dropped":{"minecraft:rotten_flesh":1,"minecraft:stick":1,"firstaid:bandage":1,"minecraft:wooden_axe":1,"minecraft:bone":1},"minecraft:killed_by":{"spore:busser":1,"minecraft:zombie":1}},"DataVersion":3120}